species,nap,nap_known,genome_size,gc,ogt,assembly,tRNA_scan_sequence,tRNA_scan_motif,TTTATA,TTATAT,TATATA,TTTTAA,TTTAAA,TTTAAT,TTTATT,TTTTAT,TTTTTA,TTAAAT,TAAATA,ARCHAEAL_FIXED_min,ARCHAEAL_FIXED_min_kmer,ARCHAEAL_REGEX_min,ARCHAEAL_REGEX_min_kmer,ARCHAEAL_TATA_min,ARCHAEAL_TATA_min_kmer,ARCHAEAL_TATA_avg_top3,overall_min,overall_min_kmer
Archaeoglobus_fulgidus,2.938646968,2.938646968,2178400,48.5,85,GCF_000008665.1,TTATAA,-0.09044969246917069,-0.19077600032477252,-0.16791394611334967,0.041874029148659134,-0.08385811711946285,0.008957974181331398,-0.11234359452553332,-0.1160429080927099,-0.016105434284975115,-0.09483310066090073,0.007944296203984179,0.0438191314686125,-0.19077600032477252,TTTATA,-0.1160429080927099,TTTATT,-0.19077600032477252,TTTATA,-0.1582442848436107,-0.19077600032477252,TTTATA
Archaeoglobus_profundus,5.380629647999999,5.165248899,1563423,42.0,85,GCF_000025285.1,TTTTAA,-0.005536866056876642,-0.08006350616265916,-0.12589857526412335,-0.14304204861890507,-0.005536866056876642,-0.04417068432048503,-0.06681233765607403,-0.18218842254007828,-0.04876864360209068,-0.01636525325415157,-0.11020508627290686,-0.16842330301440123,-0.14304204861890507,TATATA,-0.18218842254007828,TTTATT,-0.18218842254007828,TTTATT,-0.16455125805779486,-0.18218842254007828,TTTATT
Ferroglobus_placidus,5.03822175,4.866527032,2196266,44.0,85,GCF_000025505.1,CCAAAA,-0.18339742705394263,-0.1060708694844021,-0.08652537372486538,-0.04922663543751696,-0.04281350644144557,0.0047621322433442,0.0011965815315634239,-0.0654976068192421,-0.004549508211951412,0.006281537321685154,-0.039856143557388514,-0.10195828207384437,-0.1060708694844021,TTTATA,-0.10195828207384437,TAAATA,-0.1060708694844021,TTTATA,-0.0981848417610373,-0.18339742705394263,CCAAAA
Halobacterium_salinarum,0.384176839,0.211721244,2429680,66.5,37,GCF_004799605.1,GAATCG,-0.14088360332708905,0.36285076926196524,0.539632058666511,0.25718094635350225,0.15057237422617695,-1.0169925001442315,0.1764738071109238,0.5347923018767317,0.21853873013645708,0.6884298383877139,-0.4517767532789304,0.1267492912802744,0.25718094635350225,TATATA,-1.0169925001442315,TTTAAA,-1.0169925001442315,TTTAAA,-0.44733998738096253,-1.0169925001442315,TTTAAA
Haloferax_volcanii,1.05076213,0.10811453,4012900,65.5,45,GCF_000025685.1,CGAAAG,0.0048551240994568895,0.7796233256907847,0.31353259328647376,0.3747869700629319,-0.009602742114289825,0.40073328533420194,0.6757982005390843,0.3533712277914399,0.34361921526287387,0.05074828249527588,0.9350703597595326,0.6304238486365914,0.31353259328647376,TTATAT,-0.009602742114289825,TTTTAA,-0.009602742114289825,TTTTAA,0.11822604455581993,-0.009602742114289825,TTTTAA
Methanocaldococcus_jannaschii,1.7767022380000002,0.7163756640000001,1739927,31.5,80,GCF_000091665.1,TATATA,-0.0545114598128089,-0.0011405537363857708,-0.061581678464128015,-0.0545114598128089,0.008622507713822641,0.0225892735605447,0.10665107034588744,0.0804500077166922,0.04406568761316545,0.06779225541347016,-0.10112964648079106,-0.00024321178405990393,-0.061581678464128015,TTATAT,-0.10112964648079106,TTAAAT,-0.10112964648079106,TTAAAT,-0.07240759491924266,-0.10112964648079106,TTAAAT
Methanomassiliicoccus_luminyensis,1.7301019,0.0,2620233,60.5,37,GCF_000308215.1,TTATAT,0.21577991821979728,0.34103070547830017,0.21577991821979728,0.07669903708168588,0.5451674070738164,0.3657206591590839,0.10921512469138918,0.2200308443216729,0.37805300412417997,0.40826030448714107,-0.24375910677134655,-0.10032397351665802,0.07669903708168588,TATATA,-0.24375910677134655,TTAAAT,-0.24375910677134655,TTAAAT,-0.08912801440210623,-0.24375910677134655,TTAAAT
Methanomethylophilus_alvi,0.1387469,0.0,1666767,55.5,37,GCF_003711245.1,TTATAT,-0.21329107482800103,-0.3180660885087455,-0.21329107482800103,-0.871698494035647,0.5701867962647772,0.2708231219574911,0.4197900614371414,0.0009208769465290645,0.4106841388988666,0.4270388845131905,0.006840914889362542,-0.5841764538364767,-0.871698494035647,TATATA,-0.5841764538364767,TAAATA,-0.871698494035647,TATATA,-0.5913136787936231,-0.871698494035647,TATATA
Methanopyrus_kandleri,2.151853136,1.920974236,1694969,61.0,98,GCF_000007185.1,CCGAAA,0.01913888382149976,0.12454835820408638,0.39448532023366234,0.30689138912794756,0.6097534345802018,0.34381484758058306,0.4207706929263436,0.3241132718725457,-0.024855379140129863,0.19251489999243357,0.03737262527101195,0.10098484191286956,0.12454835820408638,TTTATA,-0.024855379140129863,TTTTAT,-0.024855379140129863,TTTTAT,0.037834029347917214,-0.024855379140129863,TTTTAT
Methanosarcina_barkeri,0.54558115,0.31909715,4574907,39.0,35,GCF_000970025.1,TTATAT,-0.03050337407983639,-0.05944882855153317,-0.03050337407983639,-0.024361973583589745,-0.012444305424895986,-0.1575648623612667,0.015894905336047746,0.029688469857038047,-0.0658262246742352,-0.019274181240477733,-0.07606134200879833,-0.018814691929774106,-0.05944882855153317,TTTATA,-0.1575648623612667,TTTAAA,-0.1575648623612667,TTTAAA,-0.09981747634810008,-0.1575648623612667,TTTAAA
Methanothermobacter_marburgensis,1.655894,1.655894,1639135,48.5,65,GCF_000145295.1,TATATA,-0.6299242686004287,0.2507817970570084,0.020901911382602487,-0.6299242686004287,0.19990023454385458,0.08218362769973231,0.06126663803297619,0.1512927731935362,0.17510418245298848,0.24343610659363396,-0.1038064348063663,-0.04846859472700179,-0.6299242686004287,TATATA,-0.1038064348063663,TTAAAT,-0.6299242686004287,TATATA,-0.26073309937793226,-0.6299242686004287,TATATA
Methanothermobacter_thermautotrophicus,2.2437282000000005,2.2437282000000005,1751429,49.5,65,GCF_027554905.1,TTATAT,0.023287576896000167,0.13452830673027044,0.023287576896000167,-0.39310816743173893,0.20757859549560817,-0.05254179759888851,0.08193614213372041,0.13480053603392544,0.10109406055496559,0.23269495945044902,-0.057339529805220946,-0.058132502701058304,-0.39310816743173893,TATATA,-0.058132502701058304,TAAATA,-0.39310816743173893,TATATA,-0.16952673331267273,-0.39310816743173893,TATATA
Natrialba_magadii,0.22096202,0.02834477,4443643,61.0,37,GCF_000025625.1,CGAAAC,0.015760446617025706,0.3886010075601226,0.5240249682470408,0.5299082336011929,1.040944704943045,1.1089965767447396,0.8317990900282917,0.3954901235129088,0.16752998253945078,0.4297374909809666,0.8028045206519481,0.3658934053970856,0.3886010075601226,TTTATA,0.16752998253945078,TTTTAT,0.16752998253945078,TTTTAT,0.307341465165553,0.015760446617025706,CGAAAC
Nitrosopumilus_maritimus,0.83473239,0.29885289,1645259,34.0,32,GCF_000018465.1,CAAAAA,0.02650160121034511,-0.8300681150671853,-0.3382052010067328,-1.1543491879452232,-0.06828669674948143,-0.34702095436284813,-0.00837077738475752,-0.1497309139261282,0.06596686668924626,-0.07529562748071014,-0.4976485628737317,-0.5997788957903367,-1.1543491879452232,TATATA,-0.5997788957903367,TAAATA,-1.1543491879452232,TATATA,-0.8613987329342484,-1.1543491879452232,TATATA
Picrophilus_oshimae,1.7419145,1.7419145,1545895,36.0,55,GCF_000008265.1,GCAGCA,0.016735796706914073,0.13185623184644962,0.16295968065821753,0.11879552925163701,0.06213751511300697,-0.04875311513613153,0.06555418473103894,0.0341493756467041,0.09487991318094471,0.16019628992225235,0.008798505779913143,0.06591159923438183,0.11879552925163701,TATATA,-0.04875311513613153,TTTAAA,-0.04875311513613153,TTTAAA,-0.0019350779031714292,-0.04875311513613153,TTTAAA
Sulfolobus_acidocaldarius,2.80927895,2.54427545,2225959,36.5,80,GCF_000012285.1,TTTAAA,-0.22475795283093808,-0.16575559632471348,-0.1026066915034202,-0.09228777511977475,-0.09897700434302169,-0.22475795283093808,-0.03226981809386682,-0.19118145552800503,-0.06677521304068249,-0.07620211175790824,-0.10233896013045433,-0.03442515994035298,-0.16575559632471348,TTTATA,-0.22475795283093808,TTTAAA,-0.22475795283093808,TTTAAA,-0.19389833489455222,-0.22475795283093808,TTTAAA
Thermococcus_kodakarensis,3.9911476,2.6502929,2088737,52.0,85,GCF_000009965.1,TTATAA,-0.2160988791291238,-0.18373554053591634,0.014059067250180253,0.07840748142261202,-0.0646123832300961,-0.18035181074321466,0.1031529531662863,-0.057477681528903285,0.09922354972178497,-0.10418911747159873,0.10088474801006433,-0.10183847232412979,-0.18373554053591634,TTTATA,-0.18035181074321466,TTTAAA,-0.18373554053591634,TTTATA,-0.15609215625024322,-0.2160988791291238,TTATAA
Thermoplasma_acidophilum,1.2767783,0.8342139000000001,1564906,46.0,55,GCF_000195915.1,ATGCAG,-0.07795943259233407,0.14538441945867467,0.013138953729907905,-0.06683239306069241,0.12399430226853253,0.12822040511423982,-0.09271812647330148,-0.08038299849470296,0.024470926937141382,0.16030147340724704,-0.021184552872163878,-0.08723976600276201,-0.06683239306069241,TATATA,-0.09271812647330148,TTTAAT,-0.09271812647330148,TTTAAT,-0.08678029699025547,-0.09271812647330148,TTTAAT
Thermoplasma_volcanium,3.3575607000000005,1.8811374,1584804,40.0,60,GCF_000011185.1,GCATTT,-0.04665291761587412,-0.08851564288821319,-0.03228639310128284,-0.05087457956678944,-0.0012602431300730021,-0.14581754185739787,-0.002312255021865439,0.036486333899447485,0.04310689323643463,0.002198952044919173,-0.10724726832374883,-0.027530642566682844,-0.08851564288821319,TTTATA,-0.14581754185739787,TTTAAA,-0.14581754185739787,TTTAAA,-0.11386015102311996,-0.14581754185739787,TTTAAA
