motif,model,coef,pval,R2,Adj_R2,AIC,logLik
tRNA_scan_motif,BM,0.0152845159652468,0.753763272052013,0.0063246307481973,-0.0557800798300404,9.18334954088033,-1.59167477044017
tRNA_scan_motif,OUrandomRoot,-0.0216195177664977,0.509890050376104,0.0276138180546637,-0.0331603183169199,-5.14200749442605,6.57100374721303
TTTATA,BM,-0.0251120693632726,0.650025769966055,0.0131867031585239,-0.0484891278940683,13.7072814827151,-3.85364074135757
TTTATA,OUrandomRoot,-0.0355773779708047,0.557248078148486,0.0219675215790852,-0.0391595083222221,17.7045379455732,-4.8522689727866
TTATAT,BM,-0.016429546910177,0.662331192864079,0.012221410182901,-0.0495147516806677,-0.180386340342917,3.09019317017146
TTATAT,OUrandomRoot,-0.0285004528615591,0.489833358953991,0.0302808129698368,-0.0303266362195485,4.23752855059347,1.88123572470326
TATATA,BM,0.0643480455534922,0.346623219304989,0.0555086583942367,-0.00352205045612352,20.920810097294,-7.46040504864701
TATATA,OUrandomRoot,0.0584838919832678,0.429439474267176,0.0394552300598912,-0.0205788180613656,25.1055220794886,-8.55276103974431
TTTTAA,BM,-0.0785974903281364,0.154237589572169,0.122644594665282,0.0678098818318621,12.5252568396106,-3.26262841980528
TTTTAA,OUrandomRoot,-0.104104904272221,0.0621550898210478,0.200841290978547,0.150893871664706,12.216367483405,-2.10818374170251
TTTAAA,BM,-0.0568439634198369,0.519262181760769,0.026426054023803,-0.0344223175997092,30.3622204245825,-12.1811102122912
TTTAAA,OUrandomRoot,-0.045483673002269,0.564300340217822,0.0211992553844583,-0.0399757911540131,26.5098970803737,-9.25494854018683
TTTAAT,BM,-0.0315205017135844,0.454229841339464,0.0354674091512292,-0.024815877776819,3.66934256057846,1.16532871971077
TTTAAT,OUrandomRoot,-0.0715456592255849,0.114217879769177,0.14854317705393,0.0953271256198001,5.09001588370169,1.45499205814915
TTTATT,BM,-0.0139015809530923,0.636191961242089,0.0143243130554255,-0.0472804173786105,-9.09142526387027,7.54571263193514
TTTATT,OUrandomRoot,-0.0328452924386562,0.313819051185737,0.0633151422899935,0.00477233868311807,-4.36025486262124,6.18012743131062
TTTTAT,BM,-0.0242770240437142,0.272982457781993,0.0745476405664316,0.0167068681018336,-19.8458703880672,12.9229351940336
TTTTAT,OUrandomRoot,-0.0365017561439311,0.140135206401404,0.130895639458768,0.0765766169249414,-15.9547092147501,11.9773546073751
TTTTTA,BM,-0.0700157944076921,0.0492507140650562,0.220556002918333,0.171840753100729,-4.33048500373527,5.16524250186764
TTTTTA,OUrandomRoot,-0.0908590004836695,0.016580901564311,0.309112012159787,0.265931512919774,-3.20549269731441,5.6027463486572
TTAAAT,BM,-0.0130495669414618,0.843151030232617,0.00252131991174052,-0.0598210975937757,20.1150852171309,-7.05754260856546
TTAAAT,OUrandomRoot,-0.0258344884649437,0.694893319315904,0.00987064721668005,-0.0520124373322775,19.9599384242046,-5.97996921210232
TAAATA,BM,0.0227990687943136,0.600116903116556,0.017564176576487,-0.0438380623874826,4.98887283959332,0.505563580203342
TAAATA,OUrandomRoot,0.0158140504624798,0.735988870182145,0.00730366782570944,-0.0547398529351836,9.41014720108773,-0.705073600543865
ARCHAEAL_FIXED_min,BM,0.051830606711748,0.42171696346905,0.0407663156298506,-0.0191857896432837,18.9681633664758,-6.4840816832379
ARCHAEAL_FIXED_min,OUrandomRoot,0.0380626213573483,0.585816316464724,0.0189634490456819,-0.0423513353889631,23.077263787791,-7.53863189389548
ARCHAEAL_REGEX_min,BM,0.0432145537194926,0.427770599859753,0.0397356941917097,-0.0202808249213085,12.9034789986314,-3.4517394993157
ARCHAEAL_REGEX_min,OUrandomRoot,0.0625011972181871,0.212260920730396,0.0954376711886237,0.0389025256379126,9.51524115223753,-0.757620576118764
ARCHAEAL_TATA_min,BM,0.084475595403185,0.219487474515984,0.092622222989184,0.035911111926008,20.7810312576243,-7.39051562881215
ARCHAEAL_TATA_min,OUrandomRoot,0.0932719524024803,0.165095748530531,0.116807064282042,0.0616075057996694,19.7630065881269,-5.88150329406346
ARCHAEAL_TATA_avg_top3,BM,0.0416676436338667,0.374794702263727,0.0495183814187988,-0.00988671974252628,7.44518290407011,-0.722591452035056
ARCHAEAL_TATA_avg_top3,OUrandomRoot,0.0354740245107643,0.467673628671375,0.0334375700242837,-0.0269725818491985,8.95862682768122,-0.479313413840611
overall_min,BM,0.0799547403908528,0.226538688807446,0.089971763560063,0.033094998782567,19.3760604867074,-6.68803024335371
overall_min,OUrandomRoot,0.0910769175110848,0.160126299669409,0.11942753231609,0.0643917530858455,18.4450025227089,-5.22250126135444
